{
    "loss": 11.637718200683594,
    "accuracy": 0.5035971403121948
}