{
    "loss": 1.4734009504318237,
    "accuracy": 0.8489208817481995
}